{"cameraMode":{"drawMode":0,"name":"Shaded","section":"Shading Mode"},"sceneLighting":false,"audioPlay":false,"sceneViewState":{"showFog":false,"showMaterialUpdate":false,"showSkybox":false,"showFlares":false,"showImageEffects":false,"showParticleSystems":false,"showVisualEffectGraphs":true,"m_FxEnabled":true},"in2DMode":false,"pivot":{"x":0.006819009780883789,"y":0.43863576650619509,"z":-0.22623205184936524},"rotation":{"x":-0.42325645685195925,"y":-0.33994701504707339,"z":0.17515093088150025,"w":-0.8213682174682617},"size":3.827995538711548,"orthographic":false}